{
          "Abs": [
                    0.0007345997645007523,
                    0.03492764219553295
          ],
          "Capt": [
                    0.0007345997645007523,
                    0.03492764219553295
          ],
          "Chid": [
                    [
                              0.0,
                              0.0
                    ],
                    [
                              0.0,
                              0.0
                    ],
                    [
                              0.0,
                              0.0
                    ],
                    [
                              0.0,
                              0.0
                    ],
                    [
                              0.0,
                              0.0
                    ],
                    [
                              0.0,
                              0.0
                    ]
          ],
          "Chip": [
                    0.0,
                    0.0
          ],
          "Chit": [
                    0.0,
                    0.0
          ],
          "DiffLength": [
                    656.8880047805295,
                    16.40645529861954
          ],
          "Diffcoef": [
                    317.01518167817056,
                    9.412073306861958
          ],
          "Fiss": [
                    0.0,
                    0.0
          ],
          "Flx": [
                    1.2410714799999998,
                    0.07394398320000001
          ],
          "Invv": [
                    4.355811566266998e-08,
                    2.0645949999047386e-06
          ],
          "Kappa": [
                    0.0,
                    0.0
          ],
          "L": 8,
          "MeanFreePath": [
                    926.3076906891429,
                    28.23234245821602
          ],
          "NPF": 6,
          "Nsf": [
                    0.0,
                    0.0
          ],
          "Nubar": [
                    0.0,
                    0.0
          ],
          "Remxs": [
                    0.0007346786139442856,
                    0.034966791338287145
          ],
          "S0": [
                    [
                              0.0003448762791561187,
                              7.884944353326048e-08
                    ],
                    [
                              3.914914275419233e-05,
                              0.00045357810077034536
                    ]
          ],
          "S1": [
                    [
                              2.805549837019645e-05,
                              2.5040824568299652e-08
                    ],
                    [
                              -1.7533526557477907e-05,
                              2.239753278821492e-05
                    ]
          ],
          "S2": [
                    [
                              9.46515948884362e-06,
                              3.650188476299529e-08
                    ],
                    [
                              6.941238641426068e-06,
                              -1.2269287008171937e-06
                    ]
          ],
          "S3": [
                    [
                              2.7612180393990087e-06,
                              -1.564265398323391e-08
                    ],
                    [
                              -5.134959701003907e-06,
                              -3.60996453662989e-06
                    ]
          ],
          "S4": [
                    [
                              1.3462085568554764e-06,
                              -2.1106623820249262e-09
                    ],
                    [
                              2.154362656096649e-06,
                              -1.0449507106505575e-05
                    ]
          ],
          "S5": [
                    [
                              -1.250260090746767e-06,
                              -1.912218390748936e-08
                    ],
                    [
                              -1.995620898990196e-06,
                              -4.183249081106466e-06
                    ]
          ],
          "S6": [
                    [
                              3.62942726573961e-07,
                              -9.18184812344572e-10
                    ],
                    [
                              2.6152213126349403e-06,
                              5.167539568174027e-06
                    ]
          ],
          "S7": [
                    [
                              1.252322170813837e-06,
                              2.7780096779437723e-09
                    ],
                    [
                              -1.6536219724525202e-06,
                              1.7943414972008027e-06
                    ]
          ],
          "Sp0": [
                    [
                              0.0003448762791561187,
                              7.884944353326048e-08
                    ],
                    [
                              3.914914275419233e-05,
                              0.00045357810077034536
                    ]
          ],
          "Sp1": [
                    [
                              2.805549837019645e-05,
                              2.5040824568299652e-08
                    ],
                    [
                              -1.7533526557477907e-05,
                              2.239753278821492e-05
                    ]
          ],
          "Sp2": [
                    [
                              9.46515948884362e-06,
                              3.650188476299529e-08
                    ],
                    [
                              6.941238641426068e-06,
                              -1.2269287008171937e-06
                    ]
          ],
          "Sp3": [
                    [
                              2.7612180393990087e-06,
                              -1.564265398323391e-08
                    ],
                    [
                              -5.134959701003907e-06,
                              -3.60996453662989e-06
                    ]
          ],
          "Sp4": [
                    [
                              1.3462085568554764e-06,
                              -2.1106623820249262e-09
                    ],
                    [
                              2.154362656096649e-06,
                              -1.0449507106505575e-05
                    ]
          ],
          "Sp5": [
                    [
                              -1.250260090746767e-06,
                              -1.912218390748936e-08
                    ],
                    [
                              -1.995620898990196e-06,
                              -4.183249081106466e-06
                    ]
          ],
          "Sp6": [
                    [
                              3.62942726573961e-07,
                              -9.18184812344572e-10
                    ],
                    [
                              2.6152213126349403e-06,
                              5.167539568174027e-06
                    ]
          ],
          "Sp7": [
                    [
                              1.252322170813837e-06,
                              2.7780096779437723e-09
                    ],
                    [
                              -1.6536219724525202e-06,
                              1.7943414972008027e-06
                    ]
          ],
          "Tot": [
                    0.0010795548931004043,
                    0.03542036943905749
          ],
          "Transpxs": [
                    0.0010514743539056395,
                    0.035415505432826754
          ],
          "UniName": "B",
          "beta": [
                    0.000230503,
                    0.00124442,
                    0.00121269,
                    0.00286914,
                    0.00131127,
                    0.000548675
          ],