{
          "Abs": [
                    0.0010516984628815011,
                    0.028719698724817323
          ],
          "Capt": [
                    0.0003313446541673351,
                    0.004428556288727614
          ],
          "Chid": [
                    [
                              1.0,
                              0.0
                    ],
                    [
                              1.0,
                              0.0
                    ],
                    [
                              1.0,
                              0.0
                    ],
                    [
                              1.0,
                              0.0
                    ],
                    [
                              1.0,
                              0.0
                    ],
                    [
                              1.0,
                              0.0
                    ]
          ],
          "Chip": [
                    1.0,
                    0.0
          ],
          "Chit": [
                    1.0,
                    0.0
          ],
          "DiffLength": [
                    418.44371290386033,
                    19.634963513232012
          ],
          "Diffcoef": [
                    184.1609928370734,
                    11.075002745700166
          ],
          "Fiss": [
                    0.0007203538087141661,
                    0.024291142436089708
          ],
          "Flx": [
                    1.278850572,
                    0.0756342927
          ],
          "Invv": [
                    4.286022456588361e-08,
                    2.0679657050299883e-06
          ],
          "Kappa": [
                    202.27000000000004,
                    202.26999999999995
          ],
          "L": 8,
          "MeanFreePath": [
                    511.73559945355873,
                    33.23538549044176
          ],
          "NPF": 6,
          "Nsf": [
                    0.0017561351104721612,
                    0.05904092371423846
          ],
          "Nubar": [
                    2.4378785663768032,
                    2.4305536007446276
          ],
          "Remxs": [
                    0.0010517767193499669,
                    0.02872656152033481
          ],
          "S0": [
                    [
                              0.0009023574098132564,
                              7.825646846565276e-08
                    ],
                    [
                              6.862795517488855e-06,
                              0.0013618513337177581
                    ]
          ],
          "S1": [
                    [
                              0.0001441279702106219,
                              -4.355207865833445e-09
                    ],
                    [
                              -2.1628014123678057e-06,
                              -7.234790925148691e-06
                    ]
          ],
          "S2": [
                    [
                              6.989972994144437e-05,
                              -2.9495892982249062e-08
                    ],
                    [
                              2.1450742401138365e-07,
                              1.1814624826123882e-05
                    ]
          ],
          "S3": [
                    [
                              5.359116161712414e-05,
                              5.820080004781044e-10
                    ],
                    [
                              -4.368565887309475e-07,
                              4.066090738560446e-06
                    ]
          ],
          "S4": [
                    [
                              3.2795189738009335e-05,
                              1.123697300078308e-08
                    ],
                    [
                              -2.2747488585954614e-07,
                              2.4576379197445953e-06
                    ]
          ],
          "S5": [
                    [
                              1.6481300686425215e-05,
                              7.39093299697879e-09
                    ],
                    [
                              9.009833334502776e-08,
                              -6.42068399196321e-06
                    ]
          ],
          "S6": [
                    [
                              8.19266035307707e-06,
                              -4.182035433112352e-09
                    ],
                    [
                              2.7698372838753346e-07,
                              -1.2499208332578351e-05
                    ]
          ],
          "S7": [
                    [
                              3.629649621022422e-06,
                              -1.3066702641158924e-08
                    ],
                    [
                              5.212935371576497e-07,
                              -3.4816300450939638e-06
                    ]
          ],
          "Sp0": [
                    [
                              0.0009059020040899737,
                              7.825646846565276e-08
                    ],
                    [
                              6.862795517488855e-06,
                              0.0013618513337177581
                    ]
          ],
          "Sp1": [
                    [
                              0.00014462374550746395,
                              -4.355207865833445e-09
                    ],
                    [
                              -2.1628014123678057e-06,
                              -7.234790925148691e-06
                    ]
          ],
          "Sp2": [
                    [
                              7.073439569520884e-05,
                              -2.9495892982249062e-08
                    ],
                    [
                              2.1450742401138365e-07,
                              1.1814624826123882e-05
                    ]
          ],
          "Sp3": [
                    [
                              5.353453929269646e-05,
                              5.820080004781044e-10
                    ],
                    [
                              -4.368565887309475e-07,
                              4.066090738560446e-06
                    ]
          ],
          "Sp4": [
                    [
                              3.312738533326059e-05,
                              1.123697300078308e-08
                    ],
                    [
                              -2.2747488585954614e-07,
                              2.4576379197445953e-06
                    ]
          ],
          "Sp5": [
                    [
                              1.6347909861588918e-05,
                              7.39093299697879e-09
                    ],
                    [
                              9.009833334502776e-08,
                              -6.42068399196321e-06
                    ]
          ],
          "Sp6": [
                    [
                              8.301981924262324e-06,
                              -4.182035433112352e-09
                    ],
                    [
                              2.7698372838753346e-07,
                              -1.2499208332578351e-05
                    ]
          ],
          "Sp7": [
                    [
                              3.4643164216161197e-06,
                              -1.3066702641158924e-08
                    ],
                    [
                              5.212935371576497e-07,
                              -3.4816300450939638e-06
                    ]
          ],
          "Tot": [
                    0.0019541341291632233,
                    0.03008841285405257
          ],
          "Transpxs": [
                    0.0018100105141604672,
                    0.030097810446390087
          ],
          "UniName": "U235",